<?xml version="1.0" encoding="UTF-8"?>
<project-private xmlns="http://www.netbeans.org/ns/project-private/1">
    <editor-bookmarks xmlns="http://www.netbeans.org/ns/editor-bookmarks/2" lastBookmarkId="0"/>
    <open-files xmlns="http://www.netbeans.org/ns/projectui-open-files/2">
        <group>
            <file>file:/Users/mymac/Documents/Tugas%20Kuliah/PRAK.PEMROGRAMAN/queueLlist2/src/queuellist2/QueueLlist2.java</file>
            <file>file:/Users/mymac/Documents/Tugas%20Kuliah/PRAK.PEMROGRAMAN/queueLlist2/src/queuellist2/Llistexplore.java</file>
            <file>file:/Users/mymac/Documents/Tugas%20Kuliah/PRAK.PEMROGRAMAN/queueLlist2/src/queuellist2/CharLib.java</file>
        </group>
    </open-files>
</project-private>
